{"sections":{"image_banner":{"type":"image-banner","blocks":{"heading":{"type":"heading","settings":{"heading":"Make Memories Last","heading_size":"h0"}},"text_bHy4J3":{"type":"text","settings":{"text":"Get your favorite pictures made into keepsakes","text_style":"body"}},"button":{"type":"buttons","settings":{"button_label_1":"Order Now","button_link_1":"shopify:\/\/collections\/all","button_style_secondary_1":true,"button_label_2":"","button_link_2":"","button_style_secondary_2":false}}},"block_order":["heading","text_bHy4J3","button"],"custom_css":["banner: #Banner-template--18036190478502__image_banner;hover {color: blue;}"],"settings":{"image":"shopify:\/\/shop_images\/Photo_Collage_of_Magnets.png","image_overlay_opacity":40,"image_height":"large","image_behavior":"none","desktop_content_position":"bottom-center","desktop_content_alignment":"center","show_text_box":false,"color_scheme":"scheme-3","stack_images_on_mobile":false,"mobile_content_alignment":"center","show_text_below":false}},"17424378674f5b339d":{"type":"apps","blocks":{"judge_me_reviews_preview_badge_homepage_yV8nFb":{"type":"shopify:\/\/apps\/judge-me-reviews\/blocks\/preview_badge_homepage\/61ccd3b1-a9f2-4160-9fe9-4fec8413e5d8","settings":{"product":""}}},"block_order":["judge_me_reviews_preview_badge_homepage_yV8nFb"],"settings":{"include_margins":true}},"1742437877527ae1db":{"type":"apps","blocks":{"judge_me_reviews_featured_carousel_kpbMbW":{"type":"shopify:\/\/apps\/judge-me-reviews\/blocks\/featured_carousel\/61ccd3b1-a9f2-4160-9fe9-4fec8413e5d8","settings":{"maxwidth":1080}}},"block_order":["judge_me_reviews_featured_carousel_kpbMbW"],"settings":{"include_margins":true}}},"order":["image_banner","17424378674f5b339d","1742437877527ae1db"]}