{"sections":{"main":{"type":"main-page","settings":{"padding_top":28,"padding_bottom":28}},"17424376205a748ff2":{"type":"apps","blocks":{"judge_me_reviews_featured_carousel_rFUeEm":{"type":"shopify:\/\/apps\/judge-me-reviews\/blocks\/featured_carousel\/61ccd3b1-a9f2-4160-9fe9-4fec8413e5d8","settings":{"maxwidth":1080}}},"block_order":["judge_me_reviews_featured_carousel_rFUeEm"],"settings":{"include_margins":true}},"1742437623130fa68a":{"type":"apps","blocks":{"judge_me_reviews_preview_badge_homepage_8Rc4XE":{"type":"shopify:\/\/apps\/judge-me-reviews\/blocks\/preview_badge_homepage\/61ccd3b1-a9f2-4160-9fe9-4fec8413e5d8","settings":{"product":"custom-magnet"}}},"block_order":["judge_me_reviews_preview_badge_homepage_8Rc4XE"],"settings":{"include_margins":true}}},"order":["main","1742437623130fa68a","17424376205a748ff2"]}