{"sections":{"main":{"type":"main-product","blocks":{"vendor":{"type":"text","settings":{"text":"{{ product.vendor }}","text_style":"uppercase"}},"title":{"type":"title","settings":{}},"price":{"type":"price","settings":{}},"judge_me_reviews_preview_badge_BKYya4":{"type":"shopify:\/\/apps\/judge-me-reviews\/blocks\/preview_badge\/61ccd3b1-a9f2-4160-9fe9-4fec8413e5d8","settings":{}},"description":{"type":"description","settings":{}},"uploadly_file_upload_app_block_3XBUCd":{"type":"shopify:\/\/apps\/uploadly-file-upload\/blocks\/app-block\/d91e9a53-de3d-49df-b7a1-ac8a15b213e5","settings":{"featured_product":"{{product}}"}},"variant_picker":{"type":"variant_picker","settings":{"picker_type":"button","swatch_shape":"circle"}},"quantity_selector":{"type":"quantity_selector","settings":{}},"buy_buttons":{"type":"buy_buttons","settings":{"show_dynamic_checkout":true,"show_gift_card_recipient":true}},"share":{"type":"share","settings":{"share_label":"Share"}}},"block_order":["vendor","title","price","judge_me_reviews_preview_badge_BKYya4","description","uploadly_file_upload_app_block_3XBUCd","variant_picker","quantity_selector","buy_buttons","share"],"settings":{"enable_sticky_info":true,"color_scheme":"scheme-1","media_size":"large","constrain_to_viewport":true,"media_fit":"contain","gallery_layout":"stacked","mobile_thumbnails":"hide","media_position":"left","image_zoom":"lightbox","hide_variants":true,"enable_video_looping":false,"padding_top":36,"padding_bottom":12}},"related-products":{"type":"related-products","settings":{"heading":"You may also like","heading_size":"h2","products_to_show":4,"columns_desktop":4,"columns_mobile":"2","color_scheme":"scheme-1","image_ratio":"square","image_shape":"default","show_secondary_image":true,"show_vendor":false,"show_rating":false,"padding_top":36,"padding_bottom":28}}},"order":["main","related-products"]}