{"name":"t:sections.footer.name","type":"footer","sections":{"1742437581e953cc8a":{"type":"apps","settings":{"include_margins":true}},"footer":{"type":"footer","settings":{"color_scheme":"scheme-1","newsletter_enable":true,"newsletter_heading":"Subscribe to our emails","enable_follow_on_shop":true,"show_social":true,"enable_country_selector":true,"enable_language_selector":true,"payment_enable":true,"show_policy":true,"margin_top":0,"padding_top":36,"padding_bottom":36}}},"order":["1742437581e953cc8a","footer"]}