{"name":"t:sections.header.name","type":"header","sections":{"announcement-bar":{"type":"announcement-bar","blocks":{"announcement-bar-0":{"type":"announcement","settings":{"text":"Free Shipping on your first order","link":""}},"announcement_Fkb6Hp":{"type":"announcement","settings":{"text":"Current Order Processing Time: 3 -5 Business days","link":""}}},"block_order":["announcement-bar-0","announcement_Fkb6Hp"],"custom_css":[".link:hover,.header__active-menu-item:hover {color: red !important;}"],"settings":{"auto_rotate":false,"change_slides_speed":5,"color_scheme":"scheme-2","show_line_separator":true,"show_social":false,"enable_country_selector":false,"enable_language_selector":false}},"header":{"type":"header","custom_css":[".link:hover,.header__active-menu-item:hover {color: #A22A51 !important;}"],"settings":{"logo_position":"middle-left","mobile_logo_position":"center","menu":"main-menu","menu_type_desktop":"dropdown","sticky_header_type":"on-scroll-up","show_line_separator":true,"color_scheme":"scheme-96ba29cd-fff8-4f1b-ab98-33e321c5a738","menu_color_scheme":"scheme-2","enable_country_selector":true,"enable_language_selector":true,"enable_customer_avatar":true,"margin_bottom":0,"padding_top":20,"padding_bottom":20}}},"order":["announcement-bar","header"]}